TSP,SO2,PB,CD
9.0,0.02,21.0,0.54
5.0,0.03,20.0,0.53
14.0,1.6,17.0,0.3
35.0,0.14,15.0,0.1
35.0,0.13,14.0,0.2
57.0,0.17,24.0,0.34
53.0,0.15,21.0,0.29
43.0,0.13,20.0,0.5
35.0,0.63,14.0,0.42
53.0,0.51,15.0,0.32
43.0,0.56,15.0,0.52
46.0,0.2,17.0,0.53
54.0,0.03,16.0,0.32
42.0,0.16,18.0,0.28
43.0,4.9,11.0,0.1
9.0,0.1,3.4,0.1
26.0,0.14,59.0,0.67
32.0,0.16,60.0,1.2
45.0,0.18,52.0,1.1
11.0,0.06,10.0,0.36
27.0,0.43,14.0,0.29
21.0,0.11,11.0,0.1
46.0,0.35,19.0,0.42
104.0,0.22,58.0,1.1
118.0,0.23,62.0,1.5
57.0,0.45,19.0,0.97
82.0,23.0,33.0,0.72
55.0,0.17,31.0,0.57
46.0,0.02,1.0,0.1
69.0,0.02,30.0,0.44
25.0,0.02,16.0,0.1
8.0,1.3,6.9,0.2
2.0,1.4,7.8,0.1
6.0,0.53,23.0,0.27
42.0,12.0,29.0,0.31
16.0,7.4,15.0,0.24
16.0,3.8,10.0,0.22
20.0,5.5,9.6,0.1
20.0,5.3,17.0,0.21
20.0,13.0,24.0,0.45
31.0,5.4,11.0,0.1
43.0,17.0,21.0,0.27
34.0,28.0,29.0,0.33
28.0,29.0,79.0,1.3
25.0,18.0,17.0,0.36
31.0,3.7,12.0,0.1
8.0,1.1,8.6,0.28
7.0,2.1,5.0,0.29
25.0,3.0,4.8,0.1
66.0,10.0,13.0,0.1
28.0,7.5,31.0,0.48
30.0,4.6,16.0,0.32
8.0,4.6,5.3,0.1
26.0,5.9,9.6,0.29
14.0,9.8,11.0,0.25
9.0,2.3,9.2,0.2
7.0,4.4,9.8,0.26
3.0,7.8,13.0,0.44
37.0,7.2,13.0,0.3
21.0,3.0,1.0,0.1
85.0,7.1,7.3,0.25
34.0,6.5,14.0,0.22
94.0,13.0,54.0,0.82
37.0,7.8,31.0,0.51
11.0,3.9,6.6,0.1
27.0,4.8,16.0,0.4
22.0,8.1,9.8,0.9
2.5,5.2,12.0,0.35
16.0,10.0,6.5,0.34
62.0,17.0,30.0,0.53
38.0,7.7,16.0,0.42
21.0,5.0,4.0,0.1
23.0,7.9,3.67,0.1
49.0,3.51,7.9,0.1
57.0,3.3,14.0,0.22
45.0,1.22,15.0,0.38
32.0,1.72,15.0,0.22
48.0,2.59,8.6,0.29
37.0,2.29,3.9,0.1
48.0,3.23,9.5,0.35
36.0,3.53,6.6,0.1
60.0,4.4,28.0,0.76
65.0,2.79,21.0,0.57
53.0,2.03,8.9,0.1
62.0,0.74,7.9,0.24
78.0,4.57,13.0,0.1
83.0,5.69,23.0,0.47
95.0,11.1,45.0,1.0
102.0,14.5,56.0,1.2
74.0,10.5,37.0,0.72
65.0,6.71,40.0,1.0
32.0,7.2,20.0,0.36
64.0,9.65,29.0,0.54
65.0,13.8,44.0,0.5
49.0,7.67,36.0,0.58
31.0,13.9,11.0,1.0
62.0,11.7,14.0,0.79
27.0,15.3,25.0,0.77
58.0,15.0,43.0,1.4
72.0,16.7,47.0,1.1
60.0,20.1,36.0,0.55
36.0,15.6,9.5,0.24
49.0,16.1,7.3,0.22
84.0,31.8,33.0,0.62
59.0,27.8,28.0,0.56
40.0,18.3,34.0,0.7
56.0,15.0,27.0,0.45
68.0,13.0,36.0,0.66
49.0,5.5,16.0,0.38
44.0,2.91,19.0,0.22
60.0,7.32,24.0,0.39
93.0,7.05,46.0,0.59
57.0,5.05,21.0,0.34
77.0,8.55,7.0,0.1
43.0,4.88,11.0,0.2
37.0,18.2,14.0,0.38
64.0,13.1,44.0,3.3
87.0,9.82,33.0,0.57
78.0,10.1,35.0,0.73
67.0,11.9,31.0,0.68
72.0,15.4,45.0,0.93
72.0,9.68,34.0,0.86
66.0,11.8,49.0,0.52
59.0,6.45,19.0,0.41
76.0,8.67,27.0,0.77
138.0,4.19,21.0,0.6
99.0,2.84,20.0,0.8
93.0,4.78,19.0,0.45
100.0,17.7,28.0,0.54
73.0,12.4,25.0,0.47
62.0,7.48,23.0,0.61
57.0,7.5,36.0,0.54
40.0,2.36,22.0,0.43
66.0,6.66,30.0,0.53
80.0,5.21,23.0,0.1
50.0,7.25,23.0,0.66
52.0,5.39,22.0,0.46
54.0,4.39,17.0,0.4
79.0,8.08,22.0,0.59
65.0,9.28,28.0,0.55
44.0,5.66,13.0,0.21
32.0,4.42,8.7,0.1
30.0,4.16,11.0,0.26
29.0,5.25,15.0,0.1
58.0,3.42,16.0,0.22
48.0,2.34,23.0,0.38
45.0,2.12,8.8,0.4
22.0,4.03,9.8,0.1
29.0,3.05,13.0,0.61
47.0,4.04,13.0,0.5
46.0,6.01,22.0,0.47
57.0,5.88,27.0,0.7
79.0,5.57,25.0,0.51
47.0,2.64,17.0,0.51
38.0,2.6,18.0,0.8
50.0,2.56,29.0,1.1
30.0,3.39,28.0,1.1
39.0,1.94,25.0,0.88
66.0,4.44,20.0,0.47
68.0,7.89,18.0,0.55
38.0,1.45,17.0,0.44
56.0,1.49,20.0,0.54
47.0,1.57,20.0,0.48
41.0,1.06,17.0,0.35
35.0,1.11,10.0,0.1
13.0,1.14,7.5,0.21
52.0,1.94,17.0,0.49
37.0,1.45,9.8,0.1
6.0,0.46,1.0,0.1
24.0,1.51,2.7,0.1
20.0,0.57,3.8,0.1
36.0,2.55,8.3,0.27
53.0,2.54,16.0,0.31
40.0,2.82,1.0,0.1
40.0,2.32,1.0,0.1
64.0,2.3,4.6,0.1
75.0,2.44,4.1,0.1
64.0,2.44,2.6,0.45
76.0,2.64,3.6,0.24
141.0,6.2,11.0,0.1
89.0,3.53,16.0,0.26
36.0,1.31,5.2,0.1
31.0,0.15,2.5,0.1
36.0,0.38,6.3,0.1
26.0,0.16,3.5,0.1
22.0,0.33,1.0,0.1
37.0,0.94,2.6,0.2
41.0,0.58,1.0,0.1
34.0,0.49,7.6,0.4
94.0,0.73,13.0,0.29
107.0,1.53,19.0,0.53
147.0,2.44,18.0,0.38
104.0,2.74,14.0,0.33
57.0,0.6,5.8,0.1
53.0,0.4,2.8,0.1
50.0,1.07,11.0,0.65
68.0,0.75,8.4,0.21
83.0,1.09,10.0,0.23
39.0,0.49,12.0,0.26
45.0,0.77,5.2,0.25
62.0,1.27,6.0,0.1
61.0,0.75,7.6,0.1
54.0,1.05,11.0,0.81
61.0,2.07,17.0,1.5
80.0,1.51,13.0,0.69
98.0,0.74,12.0,0.1
125.0,1.46,9.4,0.33
99.0,0.57,8.2,0.21
103.0,0.49,6.9,0.26
75.0,0.82,7.4,0.23
58.0,1.02,5.1,0.1
85.0,0.41,8.0,0.25
46.0,1.33,25.0,0.45
121.0,1.23,11.0,0.37
98.0,0.83,14.0,0.33
85.0,2.38,9.4,0.32
74.0,2.95,7.6,0.24
88.0,3.38,8.2,0.1
83.0,1.01,5.5,0.65
72.0,1.33,11.0,0.24
114.0,5.37,8.2,2.9
107.0,0.26,19.0,0.21
87.0,0.66,11.0,0.2
64.0,0.4,6.2,0.26
70.0,0.79,3.2,0.1
73.0,3.1,13.0,0.31
58.0,0.1,1.0,0.1
61.0,0.25,4.4,0.27
99.0,1.41,5.1,0.46
63.0,0.7,3.8,0.22
72.0,0.6,11.0,0.4
77.0,0.39,9.5,0.42
77.0,0.36,8.0,0.39
69.0,0.3,9.9,0.76
66.0,0.83,11.0,0.24
64.0,0.27,11.0,0.28
61.0,0.27,9.3,0.31
69.0,0.23,8.0,0.28
66.0,0.32,11.0,0.43
45.0,0.8,12.0,0.45
54.0,0.68,11.0,0.33
43.0,0.89,9.5,0.33
50.0,0.57,13.0,0.1
49.0,0.66,8.7,0.28
46.0,0.53,5.1,0.8
23.0,0.5,2.5,0.1
34.0,0.6,6.5,0.43
34.0,0.37,13.0,0.46
75.0,0.28,19.0,0.35
64.0,0.07,8.8,0.3
70.0,0.44,8.2,0.23
67.0,0.38,11.0,0.1
73.0,0.6,6.5,0.21
78.0,0.58,11.0,0.36
69.0,0.65,7.3,0.61
72.0,0.81,11.0,0.1
94.0,0.79,13.0,0.1
98.0,0.19,12.0,0.51
57.0,0.51,14.0,0.36
39.0,0.17,6.5,0.1
44.0,0.22,4.9,0.22
53.0,0.12,7.3,0.61
32.0,0.27,7.9,0.27
45.0,0.36,16.0,0.23
26.0,0.17,5.9,0.25
30.0,0.13,5.6,0.1
23.0,0.16,6.8,0.1
29.0,0.27,15.0,0.21
74.0,0.54,16.0,0.2
28.0,0.22,10.0,0.21
26.0,0.2,6.7,0.1
39.0,0.15,8.7,0.1
39.0,0.67,5.1,0.1
36.0,0.72,5.8,0.1
33.0,0.32,6.2,0.1
14.0,0.11,2.8,0.1
28.0,0.18,4.8,0.72
46.0,0.13,8.1,0.1
44.0,0.22,5.9,0.31
40.0,0.22,1.0,0.1
43.0,0.16,7.3,0.6
60.0,0.24,18.0,0.37
66.0,0.21,10.0,0.4
49.0,0.22,7.3,0.1
95.0,0.37,24.0,0.43
89.0,0.96,11.0,0.22
78.0,0.35,8.7,0.4
58.0,0.86,5.9,0.1
32.0,0.56,9.5,0.1
35.0,0.1,4.1,0.1
40.0,0.15,2.3,0.1
59.0,0.2,9.2,0.1
43.0,0.84,18.0,0.24
34.0,1.11,12.0,0.25
45.0,1.52,30.0,0.82
45.0,1.37,16.0,0.59
54.0,0.31,6.3,0.22
43.0,0.23,5.8,0.22
41.0,3.89,5.7,0.1
37.0,0.19,6.5,0.27
25.0,0.39,10.0,0.31
29.0,0.34,17.0,0.25
16.0,0.3,4.8,0.1
36.0,0.45,21.0,0.36
56.0,0.92,21.0,0.37
38.0,0.25,9.1,0.27
13.0,0.3,2.4,0.1
14.0,0.16,1.0,0.1
21.0,0.24,4.5,0.1
8.0,0.15,2.6,0.1
6.0,0.35,4.1,0.24
29.0,9.57,8.7,0.24
35.0,10.6,12.0,0.25
53.0,9.63,15.0,0.5
5.0,0.15,8.5,0.28
25.0,1.45,15.0,0.39
44.0,1.51,20.0,0.1
79.0,0.86,35.0,0.54
16.0,0.17,11.0,1.3
21.0,0.07,6.8,0.29
39.0,0.06,7.8,0.63
53.0,0.24,17.0,0.28
57.0,2.47,18.0,0.39
28.0,0.69,19.0,0.34
31.0,0.1,27.0,0.32
3.0,0.27,12.0,0.22
37.0,1.5,20.0,0.32
12.0,0.83,10.0,0.29
13.0,0.4,10.0,0.2
13.0,0.44,16.0,0.38
3.0,0.55,8.4,0.1
24.0,0.84,3.4,0.1
18.0,0.75,6.1,0.1
45.0,3.39,11.0,0.23
56.0,3.41,21.0,0.39
63.0,3.06,25.0,0.35
15.0,0.36,2.7,0.1
10.0,0.35,6.0,0.71
49.0,1.1,5.9,0.25
56.0,2.04,10.0,0.26
33.0,2.08,4.7,0.1
28.0,1.58,1.0,0.1
28.0,1.16,3.0,0.1
57.0,9.06,9.6,0.1
67.0,5.36,8.8,0.1
95.0,4.4,1.0,0.1
110.0,6.9,1.0,0.1
33.0,10.3,2.8,0.3
30.0,6.2,11.0,0.36
93.0,20.5,23.0,0.39
52.0,9.1,20.0,0.3
39.0,19.1,6.5,1.1
43.0,15.0,28.0,0.6
33.0,12.0,14.0,0.22
24.0,15.2,8.3,0.1
18.0,11.4,3.0,0.1
29.0,2.41,1.0,0.1
8.0,16.8,4.2,0.1
39.0,17.5,12.0,0.24
32.0,1.89,1.0,0.1
29.0,1.89,1.0,0.1
23.0,5.69,1.0,0.1
41.0,12.8,13.0,0.27
16.0,13.2,9.4,0.27
12.0,9.61,8.1,0.1
26.0,11.6,2.5,0.1
35.0,11.7,9.6,0.1
38.0,20.2,10.0,0.29
10.0,6.2,6.4,0.26
32.0,13.7,14.0,0.23
23.0,4.7,7.7,0.1
37.0,2.58,3.3,0.1
41.0,6.59,8.2,0.1
41.0,4.9,6.1,0.1
75.0,31.3,30.0,0.42
35.0,11.0,15.0,0.35
17.0,14.0,13.0,0.24
63.0,31.2,32.0,0.76
52.0,22.8,15.0,0.48
67.0,29.7,10.0,0.1
20.0,5.92,6.2,0.1
33.0,16.4,19.0,0.45
23.0,7.45,11.0,0.1
19.0,10.2,11.0,0.1
34.0,9.57,8.4,0.1
35.0,14.7,11.0,0.1
25.0,34.2,21.0,0.1
4.0,3.37,2.5,0.1
11.0,12.9,10.0,0.2
24.0,5.74,5.7,0.1
33.0,5.96,6.4,0.3
9.0,4.39,3.2,0.1
9.0,5.03,1.0,0.1
15.0,2.69,5.7,0.1
27.0,7.3,14.0,0.26
29.0,10.3,15.0,0.32
15.0,3.84,4.6,0.1
24.0,16.3,13.0,0.1
27.0,8.92,1.0,0.1
2.0,3.32,2.5,0.1
12.0,4.88,1.0,0.1
25.0,17.8,23.0,0.42
55.0,8.0,22.0,0.54
6.0,8.7,3.6,0.1
4.0,1.97,3.4,0.1
3.0,2.34,2.1,0.1
2.0,4.57,2.1,0.1
2.0,9.72,3.3,0.1
6.0,5.83,1.0,0.1
6.0,1.54,5.0,0.1
30.0,13.5,13.0,0.36
11.0,3.65,2.1,0.1
8.0,4.17,1.0,0.1
16.0,6.65,2.7,0.1
29.0,3.34,1.0,0.1
31.0,4.74,6.6,0.32
36.0,8.04,18.0,0.43
67.0,15.8,32.0,0.56
28.0,4.61,9.1,0.22
9.0,3.18,2.6,0.1
20.0,3.21,6.6,0.27
10.0,1.68,5.0,0.1
20.0,2.97,7.7,0.1
28.0,2.41,13.0,0.25
36.0,8.11,28.0,0.59
23.0,4.59,4.3,0.35
25.0,2.91,5.7,0.1
18.0,1.28,1.0,0.1
22.0,2.98,8.4,0.2
25.0,4.77,7.5,0.28
27.0,3.13,5.7,0.23
55.0,5.53,21.0,0.6
34.0,4.2,13.0,0.26
59.0,5.31,13.0,0.25
54.0,8.38,14.0,0.23
55.0,11.3,18.0,0.35
41.0,4.22,16.0,0.32
31.0,4.01,7.0,0.21
24.0,3.87,5.2,0.1
35.0,4.88,19.0,0.1
28.0,2.98,8.0,0.1
56.0,2.23,6.7,0.1
55.0,4.41,6.5,0.22
69.0,7.11,25.0,0.54
74.0,5.83,21.0,0.33
64.0,6.28,37.0,0.51
36.0,1.51,7.9,0.1
23.0,0.87,2.5,0.1
36.0,6.14,18.0,0.37
36.0,5.25,14.0,0.3
27.0,1.61,8.4,0.22
71.0,1.31,6.3,0.1
103.0,5.06,13.0,0.1
78.0,3.76,14.0,0.1
48.0,10.1,20.0,0.45
42.0,5.76,12.0,0.1
43.0,8.61,6.0,0.1
56.0,6.66,21.0,0.43
62.0,10.2,32.0,0.78
44.0,4.03,24.0,0.57
59.0,9.29,20.0,0.32
94.0,5.92,24.0,0.3
15.0,0.86,6.7,0.1
40.0,3.78,16.0,0.1
67.0,5.02,28.0,0.63
16.0,1.25,12.0,0.1
31.0,1.81,1.0,0.1
65.0,4.67,17.0,0.28
35.0,0.9,2.6,0.1
36.0,1.45,7.0,0.1
49.0,4.74,4.8,0.1
23.0,1.32,5.3,0.1
28.0,2.24,13.0,0.1
22.0,1.78,7.0,0.1
29.0,2.95,9.1,0.1
23.0,1.29,9.5,0.1
25.0,0.89,3.5,0.1
31.0,7.45,5.2,0.1
21.0,4.03,2.2,0.1
17.0,2.84,4.2,0.22
21.0,3.64,8.4,0.2
62.0,6.83,21.0,0.58
34.0,8.36,14.0,0.56
32.0,7.91,7.9,0.27
54.0,9.73,18.0,0.35
31.0,10.0,5.9,0.21
77.0,3.83,12.0,0.38
107.0,7.87,18.0,0.59
120.0,13.8,18.0,0.59
87.0,7.34,28.0,0.55
39.0,6.53,9.3,0.3
16.0,2.42,6.4,0.21
29.0,1.2,8.2,0.24
33.0,0.44,9.1,0.25
38.0,5.58,13.0,0.23
48.0,4.69,17.0,0.49
23.0,0.99,6.5,0.1
30.0,0.44,4.6,0.1
73.0,4.41,15.0,0.42
111.0,5.34,21.0,0.52
145.0,4.07,24.0,0.54
265.0,10.4,20.0,0.63
147.0,4.18,17.0,0.43
119.0,6.38,14.0,0.34
104.0,2.32,11.0,0.27
76.0,2.17,7.6,0.21
84.0,3.73,6.7,0.34
71.0,1.67,11.0,0.1
59.0,1.92,11.0,0.72
102.0,2.75,41.0,1.2
57.0,1.05,15.0,0.24
56.0,0.29,11.0,0.24
59.0,0.93,14.0,0.62
44.0,2.16,4.2,0.1
51.0,2.61,4.3,0.1
57.0,2.66,6.6,0.1
90.0,0.23,2.9,0.25
316.0,0.61,9.5,0.39
184.0,0.47,8.0,0.33
239.0,0.2,4.3,0.1
266.0,0.36,3.8,0.1
33.0,0.07,4.1,0.1
55.0,0.17,7.7,0.1
42.0,0.16,3.9,0.35
53.0,0.5,9.6,0.3
69.0,0.77,3.6,0.1
62.0,0.36,3.7,0.25
72.0,0.44,7.0,0.1
73.0,0.2,6.2,0.1
69.0,0.29,5.2,0.1
91.0,0.65,7.8,0.26
87.0,0.42,4.9,0.54
65.0,1.09,10.0,0.21
64.0,0.58,14.0,0.32
53.0,0.39,8.5,0.1
56.0,0.43,8.7,0.27
51.0,0.24,8.8,0.1
46.0,0.09,9.8,0.34
68.0,0.41,20.0,0.33
84.0,9.35,21.0,0.24
64.0,0.48,15.0,0.1
55.0,0.64,14.0,0.3
80.0,0.57,9.5,0.4
74.0,0.48,10.0,0.38
75.0,0.2,18.0,0.23
73.0,1.2,6.8,0.44
87.0,0.29,43.0,0.1
50.0,0.64,9.8,0.22
62.0,1.15,11.0,0.23
49.0,0.84,5.2,0.1
91.0,0.56,9.7,0.36
76.0,2.57,9.7,0.32
80.0,2.55,6.2,0.1
47.0,0.68,13.0,0.27
56.0,0.36,8.7,0.1
40.0,0.3,9.9,0.29
56.0,0.38,27.0,0.5
39.0,0.4,13.0,0.2
44.0,0.57,11.0,0.1
48.0,0.42,14.0,0.31
56.0,0.47,13.0,1.1
35.0,0.56,15.0,0.51
21.0,0.43,3.9,0.1
44.0,0.55,21.0,0.43
35.0,1.47,19.0,0.33
41.0,1.28,11.0,0.3
28.0,0.58,10.0,0.3
30.0,0.39,5.5,0.22
36.0,0.38,5.2,0.1
60.0,0.36,9.6,0.22
92.0,0.49,14.0,0.33
80.0,0.34,15.0,0.37
106.0,1.1,14.0,0.23
75.0,0.49,16.0,0.32
63.0,0.7,14.0,0.25
57.0,0.44,8.4,0.28
54.0,0.64,12.0,0.28
67.0,0.19,6.7,0.1
65.0,0.23,9.1,0.26
69.0,0.48,9.8,0.34
54.0,0.41,6.8,0.1
31.0,0.2,7.1,0.1
36.0,0.05,4.9,0.1
32.0,0.05,11.0,0.33
33.0,0.025,7.4,0.1
37.0,0.025,7.2,0.32
55.0,0.07,9.6,0.32
62.0,0.06,10.0,0.21
42.0,0.025,10.0,0.27
42.0,0.025,10.0,0.1
45.0,0.025,7.4,0.24
59.0,0.02,14.0,0.49
61.0,0.02,7.1,0.24
58.0,0.02,9.0,0.27
6.0,0.02,2.0,0.23
33.0,0.47,6.1,0.32
15.0,0.06,4.3,0.1
31.0,0.05,4.9,0.1
36.0,0.02,3.4,0.1
31.0,0.06,4.1,0.1
49.0,0.16,11.0,0.1
33.0,0.12,5.3,0.1
42.0,0.05,5.2,0.1
36.0,1.22,6.2,0.25
32.0,0.24,10.0,0.1
8.0,0.3,7.1,0.21
6.0,0.44,7.3,0.21
27.0,0.12,12.0,0.41
34.0,0.21,17.0,0.58
9.0,0.08,6.6,0.1
4.0,0.06,3.6,0.1
17.0,0.05,7.5,0.25
21.0,0.36,10.0,0.35
22.0,0.17,4.4,0.1
47.0,1.14,7.7,0.23
90.0,1.11,17.0,0.1
31.0,0.51,6.6,0.4
26.0,0.23,2.7,0.1
104.0,1.42,8.7,0.48
59.0,0.78,8.3,0.34
70.0,1.16,14.0,0.26
3.0,0.59,4.9,0.1
3.0,0.21,1.0,0.1
19.0,0.3,1.0,0.1
2.0,0.63,1.0,0.1
4.0,2.88,3.4,0.1
9.0,0.53,5.9,0.28
14.0,0.53,4.7,0.1
12.0,0.76,9.7,0.1
42.0,0.96,16.0,0.47
7.0,0.44,9.9,0.1
7.0,0.5,5.1,0.1
10.0,0.87,3.8,0.1
50.0,1.07,14.0,0.36
47.0,1.38,24.0,0.68
16.0,1.11,10.0,0.34
20.0,0.54,11.0,0.33
12.0,0.26,3.8,0.1
14.0,0.78,6.1,0.36
7.0,0.48,3.5,0.1
19.0,0.49,4.1,0.1
12.0,0.67,1.0,0.1
44.0,2.11,4.8,0.26
55.0,0.99,1.0,0.1
11.0,0.36,4.0,0.1
18.0,0.18,5.0,0.1
5.0,0.17,2.5,0.1
10.0,0.3,5.5,0.1
22.0,0.53,1.0,0.1
14.0,0.38,4.8,0.1
29.0,0.29,7.2,0.3
32.0,0.96,18.0,0.5
35.0,2.32,13.0,0.3
32.0,1.61,15.0,0.43
80.0,1.3,15.0,0.39
29.0,1.13,28.0,0.87
54.0,2.06,19.0,0.74
33.0,0.66,15.0,0.41
15.0,2.96,4.5,0.1
15.0,1.78,9.6,0.22
12.0,4.18,2.6,0.21
16.0,3.95,1.0,0.1
22.0,4.9,13.0,0.29
19.0,2.8,7.1,0.2
26.0,0.54,7.9,0.27
46.0,5.16,13.0,0.1
298.0,3.36,28.0,0.1
288.0,6.35,12.0,0.1
17.0,2.26,8.8,0.1
23.0,1.64,2.9,0.24
50.0,4.25,4.5,0.1
45.0,6.1,9.5,0.1
11.0,1.76,1.0,0.1
4.0,1.18,1.0,0.1
13.0,1.35,15.0,0.1
31.0,1.33,1.0,0.1
6.0,1.57,1.0,0.1
12.0,2.94,3.3,0.1
16.0,6.64,1.0,0.1
6.0,4.34,2.7,0.1
13.0,4.49,1.0,0.1
13.0,4.17,2.1,0.1
20.0,4.57,3.8,0.1
44.0,13.6,1.0,0.1
31.0,15.1,1.0,0.1
38.0,12.2,1.0,0.1
17.0,6.29,1.0,0.1
32.0,12.8,20.0,0.37
33.0,11.3,17.0,0.47
24.0,2.51,1.0,0.1
33.0,2.85,2.0,0.28
28.0,1.89,1.0,0.25
36.0,1.25,1.0,0.1
25.0,1.31,1.0,0.1
17.0,1.28,1.0,0.1
23.0,1.15,3.2,0.2
33.0,11.9,1.0,0.22
21.0,12.2,5.9,0.1
25.0,12.6,1.0,0.33
39.0,1.57,1.0,0.3
34.0,2.98,4.6,0.28
8.0,0.53,1.0,0.1
8.0,0.79,1.0,0.1
3.0,0.37,2.4,0.2
10.0,2.49,1.0,0.1
5.0,3.79,5.6,0.1
9.0,4.28,2.7,0.1
18.0,6.67,11.0,0.1
16.0,5.97,7.3,0.23
13.0,3.9,9.2,0.22
22.0,3.24,21.0,0.1
5.0,0.79,2.6,0.1
6.0,1.91,1.0,0.1
17.0,7.43,9.4,0.29
44.0,3.02,26.0,0.96
51.0,13.6,26.0,0.29
40.0,10.1,11.0,0.1
74.0,10.8,26.0,0.1
6.0,1.49,2.1,0.1
10.0,3.35,5.2,0.1
17.0,1.47,7.4,0.1
26.0,3.39,17.0,0.38
26.0,4.99,10.0,0.23
33.0,7.36,14.0,0.26
35.0,6.07,21.0,0.36
44.0,5.48,16.0,0.27
16.0,2.5,5.8,0.1
27.0,2.71,16.0,0.43
26.0,4.79,14.0,0.24
21.0,2.44,9.4,0.1
54.0,8.72,5.3,0.18
51.0,11.1,8.9,0.13
25.0,4.26,8.1,0.13
18.0,1.24,7.0,0.18
24.0,3.77,10.0,0.19
24.0,1.62,8.4,0.23
22.0,1.62,7.7,0.15
38.0,8.83,16.0,0.34
14.0,1.83,15.0,0.29
3.0,0.82,1.3,0.13
22.0,0.58,5.7,0.16
31.0,3.39,14.0,0.4
19.0,1.67,5.4,0.14
16.0,0.65,3.9,0.19
8.0,1.41,2.4,0.18
17.0,5.14,6.4,0.42
18.0,5.98,8.4,0.14
50.0,5.37,12.0,0.13
26.0,6.42,10.0,0.47
72.0,1.5,18.0,0.5
34.0,2.67,6.9,0.18
43.0,0.38,4.9,0.22
39.0,0.76,8.1,0.21
62.0,0.74,4.7,0.14
62.0,1.44,16.0,0.32
37.0,1.01,6.4,0.21
66.0,0.92,13.0,0.35
57.0,0.76,11.0,0.24
40.0,0.75,10.0,0.34
57.0,0.63,5.9,0.25
50.0,1.0,6.5,0.22
67.0,1.18,6.3,0.2
37.0,1.17,4.7,0.34
32.0,0.84,7.3,0.21
48.0,0.84,7.2,0.21
73.0,1.39,13.0,0.27
47.0,0.38,5.8,0.14
61.0,1.42,13.0,0.14
35.0,0.37,2.9,0.14
48.0,0.15,4.1,0.17
64.0,0.86,8.5,0.24
81.0,1.84,11.0,0.19
72.0,0.8,7.4,0.19
137.0,0.85,16.0,0.31
71.0,0.54,2.7,0.14
64.0,0.85,4.5,0.16
75.0,0.85,9.4,0.19
60.0,0.77,5.3,0.14
19.0,0.6,11.2,0.07
23.0,0.94,10.4,0.07
40.0,1.08,11.2,0.07
22.0,0.55,4.7,0.07
28.0,1.16,11.9,0.07
21.0,1.08,9.5,0.07
11.0,0.66,6.1,0.07
10.0,0.68,4.7,0.07
19.0,0.59,4.6,0.07
26.0,0.77,4.4,0.07
20.0,0.79,41.0,0.07
37.0,0.99,7.0,0.07
22.0,0.5,10.6,0.08
27.0,0.37,24.3,0.07
21.0,0.08,8.7,0.07
21.0,0.16,5.8,0.07
14.0,0.48,6.3,0.07
34.0,0.76,6.5,0.27
36.0,0.84,7.8,0.07
17.0,0.15,7.3,0.07
13.0,0.06,4.8,0.07
30.0,0.93,5.8,0.07
15.0,0.36,20.0,0.07
22.0,1.2,6.3,0.07
26.0,0.74,8.8,0.07
31.0,0.74,0.7,0.07
34.0,0.48,11.4,0.07
56.0,1.07,14.2,0.07
44.0,0.75,12.8,0.07
19.0,0.37,4.1,0.07
36.0,0.71,11.4,0.07
40.0,0.76,15.0,0.07
23.0,0.56,16.2,0.07
48.0,0.79,14.6,0.18
65.0,0.62,18.4,0.07
57.0,0.9,11.5,0.07
45.0,0.84,12.1,0.07
25.0,0.25,5.4,0.07
40.0,0.76,29.5,0.43
48.0,0.54,12.4,0.07
27.0,0.24,13.5,0.07
51.0,0.54,7.5,0.07
42.0,0.52,5.1,0.07
34.0,0.92,0.7,0.07
50.0,0.97,12.6,0.07
38.0,0.77,8.0,0.07
40.0,1.01,6.8,0.07
43.0,0.71,3.9,0.07
64.0,0.92,7.3,0.07
48.0,0.97,5.0,0.07
55.0,0.85,19.1,0.07
56.0,0.49,3.2,0.07
39.0,0.24,3.2,0.07
44.0,0.34,3.4,0.07
12.0,0.24,5.57,0.43
22.0,0.57,9.09,0.3
33.0,0.73,4.81,0.07
31.0,0.43,5.42,0.34
28.0,0.64,6.71,0.24
37.0,0.87,3.82,0.07
50.0,0.74,11.1,0.38
53.0,0.49,13.6,0.48
61.0,1.95,12.5,0.45
70.0,1.11,14.8,0.32
48.0,0.64,2.07,1.64
32.0,0.06,7.33,0.56
11.0,0.28,0.71,0.46
13.0,0.18,6.31,0.18
22.0,0.24,4.3,0.52
15.0,0.58,6.76,0.49
13.0,0.64,12.9,1.2
21.0,0.67,11.0,1.15
32.0,0.97,10.3,0.72
18.0,0.18,5.67,0.33
13.0,0.21,1.94,0.16
19.0,0.43,7.4,0.68
10.0,0.52,4.66,0.37
7.0,0.59,4.66,0.54
7.0,0.84,3.39,0.35
4.0,0.09,7.73,0.45
4.0,0.54,2.09,0.46
16.0,0.54,5.92,0.62
4.0,0.63,9.35,0.71
10.0,0.59,9.81,0.64
14.0,0.15,5.25,0.2
14.0,0.53,6.5,0.2
7.0,0.69,2.97,0.07
4.0,0.61,1.72,0.07
16.0,0.83,4.88,0.07
16.0,0.34,2.3,0.07
20.0,0.21,7.84,0.2
53.0,0.65,9.42,0.24
37.0,0.69,5.25,0.07
1.0,0.75,9.97,0.31
4.0,1.29,10.1,0.41
23.0,0.72,3.62,0.07
17.0,0.76,3.72,0.07
18.0,1.02,6.6,0.16
26.0,2.08,13.7,0.28
16.0,0.24,3.81,0.17
28.0,1.27,2.22,0.32
11.0,1.28,0.7,0.16
15.0,1.17,2.52,0.19
22.0,0.88,15.5,0.58
39.0,1.99,2.09,0.24
11.0,0.72,4.13,0.27
22.0,0.9,0.71,0.17
37.0,1.72,6.95,0.42
30.0,0.6,2.27,0.24
25.0,3.34,19.9,0.47
17.0,0.92,5.99,0.39
6.0,0.58,12.3,0.78
10.0,0.99,3.06,0.28
27.0,3.99,19.8,1.1
105.0,3.87,27.5,0.63
67.0,1.65,29.7,0.49
62.0,1.1,12.4,0.52
66.0,2.17,1.67,0.07
102.0,3.45,5.06,0.29
83.0,2.3,4.05,0.24
13.0,1.36,4.72,0.31
12.0,1.17,7.56,0.28
1.0,1.33,2.41,0.16
24.0,3.19,1.58,0.16
44.0,1.79,5.42,0.42
14.0,1.93,8.41,0.38
30.0,3.22,6.54,0.38
10.0,4.98,3.43,0.29
27.0,1.83,27.1,0.2
15.0,1.54,12.8,0.05
28.0,1.01,23.7,0.08
33.0,1.9,19.5,0.23
20.0,0.09,12.1,0.08
10.0,1.71,7.6,0.19
11.0,1.43,0.38,0.01
14.0,1.49,3.8,0.09
25.0,1.32,6.5,0.07
28.0,1.81,5.9,0.11
18.0,3.16,5.6,0.12
35.0,7.59,10.6,0.5
31.0,4.21,8.6,0.23
21.0,3.0,6.5,0.27
8.0,2.44,2.3,0.16
19.0,2.39,9.3,0.15
19.0,2.65,8.9,0.15
3.0,3.42,6.4,0.26
11.0,2.94,3.15,0.13
20.0,2.04,9.39,1.06
1.0,5.39,7.15,0.3
7.0,7.29,7.1,0.49
12.0,3.36,3.85,0.2
10.0,0.88,3.12,0.16
14.0,1.5,2.26,0.04
20.0,4.29,18.0,0.35
13.0,2.5,5.8,0.24
4.0,1.84,7.9,0.24
7.0,0.69,4.3,0.19
7.0,0.72,5.8,0.21
12.0,1.41,12.0,0.41
16.0,2.55,14.0,0.43
17.0,2.23,13.0,0.55
3.0,2.39,3.2,0.15
23.0,5.18,9.8,0.31
93.0,4.37,7.7,0.34
5.0,4.62,13.0,0.49
52.0,6.02,36.0,0.92
15.0,5.45,26.0,0.48
63.0,11.1,31.0,0.73
15.0,9.24,22.0,0.59
58.0,11.4,29.0,0.65
6.0,5.36,25.0,0.89
30.0,11.5,15.0,0.21
28.0,7.78,15.0,0.41
19.0,2.27,9.2,0.23
8.0,1.48,3.5,0.13
13.0,1.41,3.2,0.21
17.0,8.32,5.5,0.35
29.0,4.72,13.0,0.28
31.0,2.25,14.0,0.29
15.0,5.4,6.7,0.25
24.0,1.89,13.0,0.25
19.0,2.37,16.0,0.38
20.0,2.65,22.0,0.41
21.0,7.73,17.0,0.37
6.0,7.41,4.5,0.19
10.0,8.67,0.65,0.13
13.0,2.49,3.4,0.26
11.0,1.43,2.5,0.25
22.0,4.99,9.0,0.13
17.0,2.87,3.5,0.13
18.0,2.31,4.4,0.13
18.0,0.92,3.5,0.13
20.0,1.4,3.4,0.23
20.0,4.16,5.7,0.27
19.0,1.68,8.8,0.24
37.0,4.78,8.6,0.24
18.0,2.4,3.5,0.13
8.0,2.02,6.8,0.19
13.0,1.3,4.6,0.18
7.0,1.47,3.4,0.13
10.0,2.7,4.8,0.13
8.0,4.52,8.5,0.21
18.0,6.55,22.0,0.48
7.0,7.99,13.0,0.36
12.0,1.66,17.0,1.4
10.0,15.1,4.5,0.37
13.0,20.1,6.8,0.51
42.0,13.9,14.0,0.58
42.0,20.8,21.0,0.61
85.0,17.7,24.0,0.97
22.0,20.7,16.0,0.47
26.0,17.8,11.0,0.23
29.0,4.73,10.0,0.25
28.0,4.44,8.6,0.52
28.0,5.48,12.0,0.29
38.0,30.0,18.0,0.69
69.0,18.1,29.0,0.81
70.0,15.2,23.0,0.78
56.0,7.2,14.0,0.36
72.0,14.9,3.6,0.27
79.0,12.1,9.7,0.67
46.0,11.6,3.6,0.43
36.0,4.7,7.8,0.26
42.0,6.75,6.4,0.28
23.0,8.29,11.0,0.37
62.0,18.0,32.0,1.0
69.0,5.47,34.0,1.1
33.0,3.4,14.0,0.34
32.0,4.5,16.0,0.38
18.0,2.62,8.4,0.42
8.0,1.42,6.7,0.28
21.0,3.37,17.4,0.49
27.0,1.16,18.9,0.43
38.0,3.56,26.1,1.2
22.0,0.77,8.56,0.37
52.0,2.06,22.1,0.36
94.0,5.09,24.7,0.46
47.0,5.59,25.5,0.56
43.0,2.22,20.4,0.41
46.0,1.55,19.7,0.51
42.0,2.17,15.5,0.36
40.0,2.59,21.1,0.45
79.0,3.73,31.5,0.61
48.0,0.51,23.3,0.34
39.0,2.07,22.7,0.6
50.0,0.9,13.6,0.29
29.0,0.45,12.7,0.38
15.0,0.83,2.18,0.16
36.0,0.86,9.55,0.44
30.0,0.3,15.1,0.14
21.0,0.72,9.87,0.25
34.0,0.1,8.17,0.25
18.0,0.3,3.44,0.18
13.0,0.1,10.4,0.22
22.0,0.9,4.6,0.17
14.0,0.6,8.44,0.24
28.0,0.2,8.6,0.25
18.0,0.2,5.26,0.24
36.0,0.4,6.73,0.2
88.0,0.5,15.0,0.47
129.0,0.33,18.3,0.72
162.0,0.21,9.03,0.28
78.0,0.13,11.8,0.34
52.0,0.18,9.71,0.19
49.0,0.13,5.93,0.18
62.0,0.08,5.84,0.14
89.0,0.23,15.1,0.36
56.0,0.45,5.74,0.11
40.0,0.23,3.52,0.1
52.0,0.24,5.83,0.14
63.0,0.22,8.51,0.38
78.0,0.27,14.4,0.32
55.0,0.05,5.24,0.21
68.0,0.28,2.4,0.17
73.0,0.39,9.04,0.23
71.0,0.26,8.09,0.26
70.0,0.76,7.46,0.25
42.0,0.11,10.3,0.13
36.0,0.3,12.8,0.18
22.0,0.07,6.04,0.16
39.0,0.65,4.42,0.07
38.0,0.83,1.3,0.07
29.0,0.54,1.75,0.37
92.0,2.32,8.52,0.28
68.0,5.34,10.8,0.33
49.0,1.51,11.2,0.35
64.0,3.71,13.9,0.32
36.0,0.44,18.9,0.5
29.0,0.19,10.9,0.24
54.0,0.04,2.54,0.29
44.0,0.42,4.53,0.29
52.0,0.19,3.92,0.23
71.0,0.45,4.56,0.22
72.0,0.86,9.88,0.3
61.0,0.63,7.66,0.34
41.0,0.28,2.8,0.22
40.0,0.29,2.65,0.34
54.0,0.91,3.88,0.2
70.0,1.07,8.08,0.29
37.0,0.36,3.64,0.21
33.0,0.16,2.66,0.22
30.0,1.61,3.34,0.19
58.0,0.25,2.05,0.21
85.0,1.97,16.5,0.37
91.0,0.3,15.3,0.62
48.0,0.66,11.4,0.32
54.0,0.43,7.98,0.21
25.0,0.12,7.12,0.92
16.0,0.07,5.02,0.63
6.0,0.6,8.39,0.29
47.0,1.18,7.13,0.34
63.0,0.96,10.8,0.41
3.0,0.21,5.81,0.25
14.0,1.18,8.22,0.34
56.0,1.82,8.02,0.35
40.0,1.16,11.7,0.41
25.0,0.92,8.66,0.3
41.0,1.34,11.0,0.37
40.0,0.68,10.1,0.3
22.0,0.9,9.59,1.17
36.0,1.16,13.7,0.69
27.0,0.73,7.45,0.42
22.0,0.62,4.81,0.22
17.0,0.38,3.67,0.31
16.0,0.27,1.01,0.3
20.0,0.3,2.63,0.15
30.0,0.23,6.18,0.25
44.0,0.08,6.96,0.25
37.0,0.03,4.16,0.18
30.0,0.17,3.22,0.45
37.0,0.31,4.22,0.23
48.0,0.62,3.97,0.23
40.0,0.09,4.1,0.22
50.0,0.07,2.93,0.17
38.0,0.46,3.27,0.15
47.0,0.4,4.57,0.26
47.0,0.6,4.34,0.2
27.0,0.1,5.08,0.39
32.0,0.11,7.43,0.21
28.0,1.69,8.58,0.36
16.0,0.16,2.07,0.43
31.0,0.1,1.79,0.19
43.0,0.18,2.96,0.3
26.0,1.18,8.88,0.32
18.0,0.18,5.29,0.22
29.0,0.66,6.83,0.38
45.0,0.73,6.28,0.28
40.0,0.22,4.57,0.26
59.0,0.42,11.8,0.19
47.0,0.21,7.23,0.25
31.0,0.06,5.86,0.22
46.0,0.26,8.2,0.25
45.0,0.21,4.36,0.19
69.0,0.24,15.0,0.34
33.0,0.1,4.28,0.51
52.0,0.32,4.61,0.21
83.0,1.21,6.35,0.21
92.0,0.8,11.2,0.3
83.0,0.23,10.3,0.39
33.0,0.025,2.42,0.32
37.0,0.025,6.05,0.36
17.0,0.35,9.28,0.3
24.0,0.15,12.5,0.31
14.0,0.05,3.19,0.18
42.0,0.95,8.27,0.21
17.0,0.025,7.12,0.23
21.0,0.12,6.84,0.36
23.0,0.39,10.6,0.33
17.0,0.13,7.53,0.23
1.0,0.2,7.83,0.28
12.0,0.26,5.65,0.17
15.0,0.34,7.29,0.21
21.0,0.24,6.59,0.21
25.0,0.31,3.3,0.15
23.0,0.27,2.21,0.16
8.0,0.66,7.87,0.15
13.0,0.64,5.66,0.18
1.0,0.2,2.14,0.14
10.0,0.17,2.56,0.14
14.0,0.18,4.52,0.15
68.0,2.65,19.1,0.44
22.0,0.63,8.54,0.29
14.0,0.27,4.06,0.14
10.0,0.025,5.56,0.18
15.0,0.31,5.08,0.14
37.0,1.77,13.7,0.28
24.0,0.07,16.5,0.18
12.0,0.92,12.9,0.32
6.0,0.82,8.32,0.23
11.0,2.44,11.6,0.2
11.0,0.15,14.7,0.24
42.0,0.21,3.83,0.18
53.0,0.16,8.64,0.19
67.0,0.42,16.7,0.4
69.0,2.8,16.7,0.34
85.0,1.13,27.5,0.86
66.0,1.6,14.7,0.37
59.0,0.025,2.16,0.21
41.0,2.16,10.6,0.32
84.0,4.05,23.4,0.51
58.0,2.25,7.98,0.3
11.0,0.13,8.69,0.16
17.0,0.82,2.36,0.14
30.0,0.81,9.68,0.27
44.0,0.42,8.66,0.19
67.0,0.29,16.2,0.32
57.0,1.57,10.9,0.57
43.0,4.54,8.06,0.38
57.0,1.66,12.6,0.32
36.0,0.31,11.8,0.24
56.0,0.51,2.82,0.28
50.0,0.87,10.8,0.36
58.0,2.97,16.1,0.33
40.0,0.62,7.77,0.21
22.0,1.08,10.2,0.32
11.0,0.05,5.39,0.15
24.0,0.77,12.1,0.35
2.0,1.35,4.93,0.16
13.0,1.6,9.96,0.19
19.0,0.79,10.2,0.24
17.0,1.16,6.6,0.15
11.0,0.95,7.23,0.14
5.0,1.04,2.4,0.15
116.0,3.29,4.75,0.2
13.0,8.09,13.7,0.43
37.0,11.6,9.64,0.19
24.0,6.87,11.5,0.38
24.0,7.32,9.67,0.18
21.0,3.62,5.95,0.19
25.0,2.17,6.1,0.13
22.0,0.47,7.83,0.16
47.0,2.68,2.74,0.18
48.0,2.86,11.3,0.23
21.0,2.79,15.0,0.35
14.0,0.21,5.62,0.13
14.0,1.43,6.97,0.28
16.0,1.29,4.47,0.13
20.0,8.07,12.6,0.28
32.0,3.34,16.4,0.33
23.0,0.8,7.7,0.2
29.0,1.83,3.98,0.13
21.0,7.55,8.7,0.13
24.0,1.95,17.8,0.33
13.0,0.48,6.88,0.17
20.0,1.48,7.78,0.48
16.0,2.02,3.87,0.19
18.0,1.98,4.78,0.19
13.0,1.18,4.46,0.25
9.0,0.31,2.34,0.14
14.0,0.18,1.45,0.13
10.0,0.25,2.18,0.16
10.0,0.86,3.18,0.18
24.0,1.36,5.35,0.13
11.0,0.81,2.75,0.13
6.0,0.69,1.56,0.13
8.0,0.84,1.5,0.13
3.0,2.3,1.31,0.13
9.0,1.38,3.52,0.13
8.0,5.2,3.65,0.27
11.0,2.51,3.87,0.19
12.0,6.54,8.22,0.32
15.0,4.47,16.5,0.69
47.0,4.61,10.8,0.57
10.0,2.72,1.79,0.14
7.0,1.75,2.7,0.18
5.0,2.39,1.03,0.16
11.0,2.35,2.33,0.2
15.0,0.78,2.64,0.19
11.0,0.75,0.6,0.13
14.0,1.41,1.19,0.13
45.0,0.84,5.24,0.3
31.0,5.37,7.36,0.49
38.0,7.94,7.39,0.26
22.0,4.63,7.4,0.16
12.0,1.06,1.02,0.14
25.0,3.9,6.18,0.15
20.0,3.18,4.58,0.16
23.0,1.92,4.68,0.13
7.0,7.89,3.83,0.29
12.0,4.46,4.56,0.21
15.0,7.17,2.98,0.25
12.0,4.93,4.88,0.16
7.0,1.48,2.19,0.15
23.0,4.17,3.37,0.13
29.0,6.46,10.5,0.22
37.0,8.24,9.83,0.21
20.0,3.44,2.26,0.07
22.0,2.16,5.63,0.07
20.0,1.01,3.13,0.07
9.0,1.06,2.85,0.07
15.0,1.77,2.96,0.07
23.0,3.48,7.27,0.16
35.0,8.43,19.0,0.33
1.0,4.64,2.94,0.07
1.0,6.1,3.4,0.07
3.0,4.48,2.59,0.07
4.0,2.31,2.3,0.07
20.0,6.85,9.89,0.28
19.0,6.4,3.42,0.15
28.0,16.1,10.3,0.26
23.0,18.1,10.5,0.18
15.0,14.3,6.5,0.17
41.0,22.4,13.4,0.29
29.0,5.83,3.67,0.15
24.0,2.88,1.85,0.07
30.0,4.35,3.29,0.07
13.0,0.36,2.83,0.15
26.0,0.96,4.37,0.07
24.0,4.32,9.3,0.22
24.0,2.18,8.01,0.23
25.0,1.34,4.22,0.07
19.0,0.57,4.52,0.07
15.0,4.04,3.33,0.14
26.0,3.54,10.1,0.07
28.0,3.43,6.54,0.16
41.0,6.05,16.0,0.34
61.0,8.47,14.0,0.32
44.0,8.82,24.2,0.41
28.0,7.53,12.9,0.21
9.0,3.35,8.25,0.15
29.0,4.61,12.0,0.15
7.0,3.07,6.91,0.26
6.0,2.56,4.2,0.07
6.0,5.14,5.59,0.07
11.0,4.69,12.3,0.25
18.0,3.21,11.3,0.21
5.0,1.0,5.44,0.2
3.0,0.87,5.83,0.07
1.0,2.84,3.98,0.07
10.0,7.54,8.92,0.14
26.0,3.31,7.4,0.14
32.0,9.88,14.0,0.32
12.0,8.47,10.2,0.24
32.0,10.6,20.2,0.42
25.0,13.1,14.1,0.39
25.0,10.2,10.4,0.22
57.0,14.9,29.8,0.39
32.0,4.21,10.4,0.25
7.0,1.35,3.32,0.07
13.0,0.8,6.63,0.14
24.0,3.34,11.7,0.25
16.0,0.61,3.64,0.17
25.0,1.17,8.06,0.15
28.0,1.24,6.73,0.07
38.0,1.13,12.3,0.35
20.0,2.48,10.8,0.36
41.0,3.45,16.1,0.58
58.0,3.37,15.0,0.36
53.0,2.83,5.49,0.19
67.0,2.19,12.6,0.3
23.0,1.33,7.33,0.07
77.0,4.33,16.0,0.38
52.0,6.43,14.7,0.3
57.0,1.36,21.9,0.32
44.0,2.96,18.1,0.23
19.0,3.6,3.25,0.07
24.0,4.71,5.15,0.07
25.0,4.64,8.14,0.15
26.0,17.2,9.79,0.2
28.0,8.96,12.6,0.35
69.0,8.65,21.3,0.25
61.0,1.86,14.9,0.36
43.0,4.81,13.7,0.3
58.0,3.95,15.1,0.32
55.0,2.96,16.0,0.27
57.0,4.78,19.8,0.27
69.0,6.59,12.7,0.16
54.0,5.58,16.4,0.32
72.0,12.9,16.3,0.38
17.0,3.5,10.8,0.2
35.0,0.41,6.83,0.07
31.0,0.29,8.8,0.21
36.0,0.025,6.72,0.31
62.0,2.73,12.5,0.23
51.0,0.49,13.0,0.26
62.0,0.9,11.1,0.28
4.0,1.2,9.66,0.26
5.0,1.54,10.4,0.3
3.0,0.53,3.12,0.07
31.0,0.2,8.29,0.23
30.0,0.45,4.08,0.19
26.0,0.46,3.89,0.18
22.0,0.11,6.92,0.15
26.0,0.25,1.26,0.07
23.0,0.2,3.09,0.07
33.0,0.47,4.5,0.17
4.0,1.46,4.58,0.07
36.0,0.91,5.52,0.23
41.0,0.43,6.39,0.25
40.0,0.19,18.7,0.61
41.0,1.51,11.8,0.44
28.0,0.56,6.26,0.29
41.0,0.53,11.1,0.33
55.0,2.05,12.3,0.4
78.0,1.29,14.4,0.89
101.0,0.68,12.6,0.65
69.0,1.62,6.66,0.39
50.0,0.06,4.34,0.21
52.0,0.39,5.86,0.25
63.0,0.44,7.43,0.36
74.0,0.19,6.22,0.19
98.0,0.86,7.0,0.24
50.0,0.41,4.59,0.16
51.0,0.23,2.8,0.17
57.0,0.67,4.47,0.11
17.0,0.23,3.79,0.15
24.0,1.13,5.19,0.12
32.0,1.32,11.3,0.4
27.0,0.55,5.48,0.2
40.0,0.68,4.65,0.27
59.0,0.38,7.32,0.22
49.0,0.19,7.79,0.24
55.0,0.33,5.15,0.22
26.0,1.76,4.2,0.19
22.0,0.88,4.9,0.18
12.0,0.41,5.33,0.19
15.0,0.34,3.83,0.14
37.0,2.21,6.22,0.26
41.0,3.02,9.36,0.39
75.0,1.35,7.23,0.29
50.0,0.28,6.09,0.2
51.0,0.27,6.35,0.2
67.0,0.39,7.56,0.28
99.0,0.09,8.63,0.39
100.0,0.06,7.41,0.16
73.0,0.21,9.66,0.23
69.0,0.12,5.33,0.15
66.0,0.31,7.05,0.21
68.0,0.27,8.38,0.28
60.0,0.24,8.01,0.21
53.0,0.23,5.41,0.2
70.0,0.16,6.43,0.18
29.0,0.13,4.11,0.17
44.0,0.23,6.31,0.2
32.0,0.75,6.58,0.19
43.0,0.38,4.43,0.18
37.0,0.32,4.93,0.07
40.0,0.32,3.58,0.07
36.0,0.22,7.99,0.17
41.0,0.34,7.23,0.16
37.0,0.25,7.13,0.19
50.0,0.22,4.93,0.21
51.0,0.25,8.32,0.26
48.0,0.11,10.9,0.25
47.0,0.1,5.73,0.07
33.0,0.03,3.23,0.07
35.0,0.04,4.43,0.18
29.0,0.05,5.82,0.38
37.0,0.18,8.08,0.82
52.0,0.24,10.9,0.37
29.0,0.1,9.14,0.25
24.0,0.04,4.51,0.27
36.0,0.07,5.91,0.16
44.0,0.04,6.21,0.19
13.0,0.025,8.85,0.25
20.0,0.08,13.1,0.33
24.0,0.26,8.15,0.22
37.0,0.08,9.57,0.17
41.0,0.025,10.9,0.21
39.0,0.17,6.82,0.14
37.0,0.23,8.75,0.17
34.0,0.26,5.58,0.14
33.0,0.025,6.32,0.17
43.0,0.2,6.59,0.12
65.0,0.44,14.3,0.23
86.0,0.34,15.9,0.38
38.0,0.16,7.79,0.27
37.0,0.29,6.93,0.15
83.0,0.26,15.1,0.26
82.0,0.35,22.8,0.34
115.0,0.21,13.1,0.38
73.0,0.18,7.88,0.24
62.0,0.42,6.41,0.13
36.0,0.025,2.44,0.08
38.0,0.09,6.78,0.35
39.0,0.16,8.33,0.31
48.0,0.15,7.46,0.22
59.0,0.09,10.5,0.17
43.0,0.12,6.16,0.15
16.0,0.08,2.88,0.09
33.0,0.2,6.11,0.17
83.0,1.31,16.9,0.24
70.0,0.84,17.1,0.32
56.0,0.76,11.0,0.22
96.0,0.87,10.8,0.13
31.0,0.14,7.07,0.11
42.0,0.17,11.1,0.23
70.0,1.25,14.4,0.28
135.0,0.93,7.8,0.17
50.0,0.35,5.76,0.13
70.0,0.22,11.3,0.19
17.0,0.13,7.47,0.23
79.0,0.14,6.24,0.21
72.0,0.12,15.7,0.51
60.0,0.32,6.77,0.25
62.0,0.08,4.99,0.14
53.0,0.1,3.03,0.1
74.0,0.34,7.77,0.16
68.0,0.83,14.1,0.23
49.0,0.15,7.5,0.13
45.0,0.75,8.18,0.23
46.0,0.2,11.8,0.45
43.0,0.13,8.6,0.48
46.0,0.14,11.6,0.46
52.0,0.36,28.0,1.0
31.0,0.33,7.41,0.21
28.0,0.17,4.19,0.24
48.0,0.49,11.8,0.32
62.0,0.18,11.9,0.49
17.0,0.3,5.14,0.21
38.0,1.67,10.6,0.2
18.0,0.28,11.0,0.12
27.0,0.34,6.77,0.2
34.0,0.6,11.7,0.38
12.0,0.07,4.39,0.08
48.0,0.34,10.3,0.4
21.0,0.15,5.74,0.26
34.0,0.16,4.48,0.29
22.0,0.1,3.98,0.29
12.0,0.17,2.05,0.21
16.0,0.18,2.26,0.25
16.0,0.26,3.12,0.41
25.0,0.93,5.89,0.16
41.0,2.13,10.2,0.43
42.0,2.1,6.71,0.13
30.0,2.29,16.0,0.19
26.0,0.55,11.5,0.24
22.0,0.21,7.08,0.11
17.0,0.26,2.47,0.07
31.0,1.36,2.6,0.12
48.0,0.66,2.99,0.21
16.0,1.58,4.87,0.15
20.0,0.46,4.22,0.21
11.0,0.99,3.8,0.18
22.0,1.33,5.52,0.16
13.0,0.05,1.72,0.07
86.0,0.09,3.98,0.21
6.0,0.39,2.24,0.1
18.0,2.13,4.15,0.13
13.0,0.79,4.49,0.13
18.0,0.19,3.64,0.07
9.0,0.07,2.0,0.17
13.0,0.2,3.21,0.1
6.0,0.11,5.68,0.13
10.0,0.56,2.11,0.22
18.0,1.19,4.08,0.17
10.0,1.05,8.59,0.26
13.0,7.53,13.6,0.88
13.0,3.38,10.2,0.45
3.0,2.32,6.98,0.36
29.0,1.39,4.29,0.25
26.0,4.25,3.83,0.24
29.0,2.37,5.49,0.27
57.0,0.26,14.8,0.42
23.0,0.22,7.36,0.2
37.0,1.23,4.11,0.23
36.0,0.52,8.12,0.14
25.0,0.18,3.8,0.16
4.0,0.005,4.94,0.18
5.0,0.54,5.79,0.34
7.0,0.45,8.86,0.39
2.0,0.3,3.85,0.15
4.0,0.45,5.92,0.25
5.0,0.65,4.53,0.21
1.0,1.17,5.24,0.1
2.0,1.45,5.7,0.26
8.0,1.53,7.29,0.26
1.0,4.15,3.98,0.12
10.0,5.0,4.4,0.14
7.0,2.12,5.09,0.28
16.0,1.0,5.83,0.15
1.0,0.3,3.7,0.28
17.0,0.3,2.54,0.2
53.0,0.2,3.97,0.23
1.0,1.29,4.2,0.24
1.0,6.35,2.6,0.23
7.0,3.66,2.74,0.29
16.0,8.74,5.32,0.35
19.0,6.19,6.37,0.31
56.0,9.24,10.6,0.33
35.0,6.6,8.7,0.34
49.0,10.1,17.6,0.65
42.0,6.85,10.3,0.46
29.0,4.01,7.43,0.34
30.0,12.3,8.38,0.33
17.0,9.48,11.7,0.41
15.0,3.24,9.38,0.49
28.0,7.04,12.5,0.6
29.0,8.74,14.3,0.49
20.0,4.36,19.8,0.57
47.0,7.22,25.2,0.45
40.0,4.61,21.3,0.52
56.0,10.1,23.3,1.15
24.0,1.5,19.5,0.65
34.0,4.34,17.4,0.51
34.0,2.76,13.3,0.35
31.0,4.67,16.4,0.7
26.0,4.15,7.66,0.18
50.0,2.46,2.29,0.08
50.0,2.59,5.32,0.09
36.0,4.52,4.27,0.08
48.0,3.28,4.93,0.13
67.0,2.58,15.6,0.33
69.0,3.36,16.2,0.2
64.0,8.48,17.2,0.4
49.0,1.86,2.88,0.08
35.0,3.41,2.95,0.06
29.0,3.31,6.06,0.09
35.0,3.58,2.32,0.11
47.0,2.74,7.47,0.22
23.0,1.57,5.55,0.13
19.0,0.95,8.67,0.15
25.0,0.71,4.59,0.12
39.0,2.33,14.4,0.27
13.0,7.62,7.09,0.18
12.0,7.27,6.34,1.19
39.0,1.2,10.4,0.44
36.0,2.2,7.62,0.18
21.0,5.78,10.2,0.139
